{
  "method_name": "No-Healing",
  "target_file": "target10_commission.py",
  "repetitions": 5,
  "max_iter": 15,
  "timestamp": "20260418_161019",
  "condition_path_coverage_history": [
    [
      0.0,
      10.0,
      10.0,
      10.0,
      10.0,
      10.0,
      10.0,
      10.0,
      10.0,
      10.0,
      10.0,
      10.0,
      10.0,
      10.0,
      10.0
    ],
    [
      0.0,
      0.0,
      0.0,
      0.0,
      0.0,
      0.0,
      10.0,
      10.0,
      10.0,
      20.0,
      20.0,
      20.0,
      20.0,
      20.0,
      20.0
    ],
    [
      0.0,
      0.0,
      0.0,
      0.0,
      0.0,
      0.0,
      0.0,
      0.0,
      0.0,
      0.0,
      0.0,
      0.0,
      0.0,
      0.0,
      0.0
    ],
    [
      0.0,
      0.0,
      0.0,
      0.0,
      0.0,
      0.0,
      0.0,
      0.0,
      0.0,
      0.0,
      0.0,
      0.0,
      0.0,
      0.0,
      0.0
    ],
    [
      0.0,
      0.0,
      0.0,
      10.0,
      10.0,
      10.0,
      10.0,
      10.0,
      10.0,
      10.0,
      10.0,
      10.0,
      10.0,
      10.0,
      10.0
    ]
  ],
  "final_condition_path_coverage": [
    10.0,
    20.0,
    0.0,
    0.0,
    10.0
  ],
  "effective_line_coverage_history": [
    [
      0,
      94.11764705882352,
      0,
      0,
      0,
      0,
      94.11764705882352,
      0,
      0,
      0,
      0,
      0,
      0,
      0,
      0
    ],
    [
      0,
      0,
      0,
      0,
      0,
      0,
      94.11764705882352,
      0,
      0,
      94.11764705882352,
      0,
      0,
      0,
      0,
      0
    ],
    [
      0,
      0,
      0,
      0,
      0,
      0,
      0,
      0,
      0,
      0,
      0,
      0,
      0,
      0,
      0
    ],
    [
      0,
      0,
      0,
      0,
      0,
      0,
      0,
      0,
      0,
      0,
      0,
      0,
      0,
      0,
      0
    ],
    [
      0,
      0,
      0,
      94.11764705882352,
      0,
      0,
      0,
      0,
      0,
      0,
      0,
      0,
      0,
      0,
      0
    ]
  ],
  "final_effective_coverage": [
    0,
    0,
    0,
    0,
    0
  ],
  "line_coverage_history": [
    [
      94.11764705882352,
      94.11764705882352,
      94.11764705882352,
      94.11764705882352,
      94.11764705882352,
      94.11764705882352,
      94.11764705882352,
      94.11764705882352,
      94.11764705882352,
      5.88235294117647,
      94.11764705882352,
      94.11764705882352,
      5.88235294117647,
      94.11764705882352,
      94.11764705882352
    ],
    [
      94.11764705882352,
      94.11764705882352,
      94.11764705882352,
      94.11764705882352,
      94.11764705882352,
      5.88235294117647,
      94.11764705882352,
      94.11764705882352,
      94.11764705882352,
      94.11764705882352,
      94.11764705882352,
      94.11764705882352,
      88.23529411764706,
      94.11764705882352,
      94.11764705882352
    ],
    [
      94.11764705882352,
      94.11764705882352,
      94.11764705882352,
      5.88235294117647,
      94.11764705882352,
      94.11764705882352,
      94.11764705882352,
      94.11764705882352,
      5.88235294117647,
      94.11764705882352,
      94.11764705882352,
      94.11764705882352,
      5.88235294117647,
      88.23529411764706,
      94.11764705882352
    ],
    [
      94.11764705882352,
      94.11764705882352,
      94.11764705882352,
      94.11764705882352,
      94.11764705882352,
      94.11764705882352,
      94.11764705882352,
      88.23529411764706,
      88.23529411764706,
      94.11764705882352,
      88.23529411764706,
      76.47058823529412,
      94.11764705882352,
      94.11764705882352,
      94.11764705882352
    ],
    [
      94.11764705882352,
      5.88235294117647,
      94.11764705882352,
      94.11764705882352,
      94.11764705882352,
      94.11764705882352,
      94.11764705882352,
      94.11764705882352,
      94.11764705882352,
      5.88235294117647,
      94.11764705882352,
      94.11764705882352,
      94.11764705882352,
      76.47058823529412,
      94.11764705882352
    ]
  ],
  "branch_coverage_history": [
    [
      0.0,
      0.0,
      0.0,
      0.0,
      0.0,
      0.0,
      0.0,
      0.0,
      0.0,
      0.0,
      0.0,
      0.0,
      0.0,
      0.0,
      0.0
    ],
    [
      0.0,
      0.0,
      0.0,
      0.0,
      0.0,
      0.0,
      0.0,
      0.0,
      0.0,
      0.0,
      0.0,
      0.0,
      0.0,
      0.0,
      0.0
    ],
    [
      0.0,
      0.0,
      0.0,
      0.0,
      0.0,
      0.0,
      0.0,
      0.0,
      0.0,
      0.0,
      0.0,
      0.0,
      0.0,
      0.0,
      0.0
    ],
    [
      0.0,
      0.0,
      0.0,
      0.0,
      0.0,
      0.0,
      0.0,
      0.0,
      0.0,
      0.0,
      0.0,
      0.0,
      0.0,
      0.0,
      0.0
    ],
    [
      0.0,
      0.0,
      0.0,
      0.0,
      0.0,
      0.0,
      0.0,
      0.0,
      0.0,
      0.0,
      0.0,
      0.0,
      0.0,
      0.0,
      0.0
    ]
  ],
  "final_line_coverage": [
    94.11764705882352,
    94.11764705882352,
    94.11764705882352,
    94.11764705882352,
    94.11764705882352
  ],
  "final_branch_coverage": [
    0.0,
    0.0,
    0.0,
    0.0,
    0.0
  ]
}