{
  "method_name": "PAST-UCB",
  "target_file": "target9_nextdate.py",
  "repetitions": 5,
  "max_iter": 15,
  "timestamp": "20260426_071111",
  "condition_path_coverage_history": [
    [
      6.25,
      12.5,
      18.75,
      25.0,
      31.25,
      37.5,
      43.75,
      50.0,
      56.25,
      62.5,
      68.75,
      75.0,
      81.25,
      87.5,
      93.75
    ],
    [
      6.25,
      12.5,
      18.75,
      25.0,
      31.25,
      37.5,
      43.75,
      50.0,
      56.25,
      62.5,
      68.75,
      75.0,
      81.25,
      87.5,
      93.75
    ],
    [
      6.25,
      12.5,
      18.75,
      25.0,
      31.25,
      37.5,
      43.75,
      50.0,
      56.25,
      62.5,
      68.75,
      75.0,
      81.25,
      87.5,
      93.75
    ],
    [
      6.25,
      12.5,
      18.75,
      25.0,
      31.25,
      37.5,
      43.75,
      50.0,
      56.25,
      62.5,
      68.75,
      75.0,
      81.25,
      87.5,
      93.75
    ],
    [
      6.25,
      12.5,
      18.75,
      25.0,
      31.25,
      37.5,
      43.75,
      50.0,
      56.25,
      62.5,
      68.75,
      75.0,
      81.25,
      87.5,
      93.75
    ]
  ],
  "final_condition_path_coverage": [
    93.75,
    93.75,
    93.75,
    93.75,
    93.75
  ],
  "effective_line_coverage_history": [
    [
      100.0,
      100.0,
      100.0,
      96.55172413793103,
      100.0,
      100.0,
      100.0,
      100.0,
      100.0,
      100.0,
      100.0,
      100.0,
      100.0,
      100.0,
      100.0
    ],
    [
      100.0,
      100.0,
      100.0,
      100.0,
      100.0,
      100.0,
      100.0,
      100.0,
      100.0,
      100.0,
      100.0,
      100.0,
      100.0,
      100.0,
      100.0
    ],
    [
      100.0,
      100.0,
      100.0,
      100.0,
      100.0,
      100.0,
      100.0,
      100.0,
      100.0,
      100.0,
      100.0,
      100.0,
      100.0,
      96.55172413793103,
      100.0
    ],
    [
      100.0,
      100.0,
      100.0,
      100.0,
      100.0,
      100.0,
      100.0,
      100.0,
      100.0,
      100.0,
      100.0,
      100.0,
      96.55172413793103,
      100.0,
      100.0
    ],
    [
      100.0,
      100.0,
      100.0,
      100.0,
      100.0,
      100.0,
      100.0,
      100.0,
      100.0,
      100.0,
      100.0,
      100.0,
      100.0,
      100.0,
      100.0
    ]
  ],
  "final_effective_coverage": [
    100.0,
    100.0,
    100.0,
    100.0,
    100.0
  ],
  "line_coverage_history": [
    [
      100.0,
      100.0,
      100.0,
      96.55172413793103,
      100.0,
      100.0,
      100.0,
      100.0,
      100.0,
      100.0,
      100.0,
      100.0,
      100.0,
      100.0,
      100.0
    ],
    [
      100.0,
      100.0,
      100.0,
      100.0,
      100.0,
      100.0,
      100.0,
      100.0,
      100.0,
      100.0,
      100.0,
      100.0,
      100.0,
      100.0,
      100.0
    ],
    [
      100.0,
      100.0,
      100.0,
      100.0,
      100.0,
      100.0,
      100.0,
      100.0,
      100.0,
      100.0,
      100.0,
      100.0,
      100.0,
      96.55172413793103,
      100.0
    ],
    [
      100.0,
      100.0,
      100.0,
      100.0,
      100.0,
      100.0,
      100.0,
      100.0,
      100.0,
      100.0,
      100.0,
      100.0,
      96.55172413793103,
      100.0,
      100.0
    ],
    [
      100.0,
      100.0,
      100.0,
      100.0,
      100.0,
      100.0,
      100.0,
      100.0,
      100.0,
      100.0,
      100.0,
      100.0,
      100.0,
      100.0,
      100.0
    ]
  ],
  "branch_coverage_history": [
    [
      0.0,
      0.0,
      0.0,
      0.0,
      0.0,
      0.0,
      0.0,
      0.0,
      0.0,
      0.0,
      0.0,
      0.0,
      0.0,
      0.0,
      0.0
    ],
    [
      0.0,
      0.0,
      0.0,
      0.0,
      0.0,
      0.0,
      0.0,
      0.0,
      0.0,
      0.0,
      0.0,
      0.0,
      0.0,
      0.0,
      0.0
    ],
    [
      0.0,
      0.0,
      0.0,
      0.0,
      0.0,
      0.0,
      0.0,
      0.0,
      0.0,
      0.0,
      0.0,
      0.0,
      0.0,
      0.0,
      0.0
    ],
    [
      0.0,
      0.0,
      0.0,
      0.0,
      0.0,
      0.0,
      0.0,
      0.0,
      0.0,
      0.0,
      0.0,
      0.0,
      0.0,
      0.0,
      0.0
    ],
    [
      0.0,
      0.0,
      0.0,
      0.0,
      0.0,
      0.0,
      0.0,
      0.0,
      0.0,
      0.0,
      0.0,
      0.0,
      0.0,
      0.0,
      0.0
    ]
  ],
  "final_line_coverage": [
    100.0,
    100.0,
    100.0,
    100.0,
    100.0
  ],
  "final_branch_coverage": [
    0.0,
    0.0,
    0.0,
    0.0,
    0.0
  ]
}