{
  "method_name": "No-Healing",
  "target_file": "target5_scanstring.py",
  "repetitions": 5,
  "max_iter": 15,
  "timestamp": "20260418_164642",
  "condition_path_coverage_history": [
    [
      0.0,
      0.0,
      0.0,
      0.0,
      0.0,
      0.0,
      0.0,
      0.0,
      0.0,
      0.0,
      0.0,
      0.0,
      0.0,
      0.0,
      0.0
    ],
    [
      0.0,
      0.0,
      0.0,
      0.0,
      0.0,
      0.0,
      0.0,
      0.0,
      0.0,
      0.0,
      0.0,
      0.0,
      0.0,
      0.0,
      0.0
    ],
    [
      0.0,
      0.0,
      0.0,
      0.0,
      0.0,
      0.0,
      0.0,
      0.0,
      0.0,
      0.0,
      0.0,
      0.0,
      0.0,
      0.0,
      0.0
    ],
    [
      0.0,
      0.0,
      0.0,
      0.0,
      0.0,
      0.0,
      0.0,
      0.0,
      0.0,
      0.0,
      0.0,
      0.0,
      0.0,
      0.0,
      0.0
    ],
    [
      0.0,
      0.0,
      0.0,
      0.0,
      0.0,
      0.0,
      0.0,
      0.0,
      0.0,
      0.0,
      0.0,
      0.0,
      0.0,
      0.0,
      0.0
    ]
  ],
  "final_condition_path_coverage": [
    0.0,
    0.0,
    0.0,
    0.0,
    0.0
  ],
  "effective_line_coverage_history": [
    [
      0,
      0,
      0,
      0,
      0,
      0,
      0,
      0,
      0,
      0,
      0,
      0,
      0,
      0,
      0
    ],
    [
      0,
      0,
      0,
      0,
      0,
      0,
      0,
      0,
      0,
      0,
      0,
      0,
      0,
      0,
      0
    ],
    [
      0,
      0,
      0,
      0,
      0,
      0,
      0,
      0,
      0,
      0,
      0,
      0,
      0,
      0,
      0
    ],
    [
      0,
      0,
      0,
      0,
      0,
      0,
      0,
      0,
      0,
      0,
      0,
      0,
      0,
      0,
      0
    ],
    [
      0,
      0,
      0,
      0,
      0,
      0,
      0,
      0,
      0,
      0,
      0,
      0,
      0,
      0,
      0
    ]
  ],
  "final_effective_coverage": [
    0,
    0,
    0,
    0,
    0
  ],
  "line_coverage_history": [
    [
      92.5925925925926,
      92.5925925925926,
      92.5925925925926,
      37.03703703703704,
      92.5925925925926,
      100.0,
      92.5925925925926,
      92.5925925925926,
      92.5925925925926,
      92.5925925925926,
      92.5925925925926,
      37.03703703703704,
      100.0,
      100.0,
      3.7037037037037033
    ],
    [
      92.5925925925926,
      92.5925925925926,
      81.48148148148148,
      92.5925925925926,
      100.0,
      92.5925925925926,
      100.0,
      92.5925925925926,
      92.5925925925926,
      92.5925925925926,
      92.5925925925926,
      100.0,
      92.5925925925926,
      92.5925925925926,
      92.5925925925926
    ],
    [
      92.5925925925926,
      92.5925925925926,
      37.03703703703704,
      88.88888888888889,
      100.0,
      100.0,
      85.18518518518519,
      92.5925925925926,
      100.0,
      100.0,
      37.03703703703704,
      37.03703703703704,
      37.03703703703704,
      92.5925925925926,
      37.03703703703704
    ],
    [
      88.88888888888889,
      85.18518518518519,
      37.03703703703704,
      92.5925925925926,
      88.88888888888889,
      92.5925925925926,
      92.5925925925926,
      37.03703703703704,
      100.0,
      92.5925925925926,
      100.0,
      37.03703703703704,
      88.88888888888889,
      92.5925925925926,
      100.0
    ],
    [
      3.7037037037037033,
      88.88888888888889,
      92.5925925925926,
      92.5925925925926,
      92.5925925925926,
      100.0,
      92.5925925925926,
      92.5925925925926,
      92.5925925925926,
      100.0,
      51.85185185185185,
      92.5925925925926,
      3.7037037037037033,
      100.0,
      92.5925925925926
    ]
  ],
  "branch_coverage_history": [
    [
      0.0,
      0.0,
      0.0,
      0.0,
      0.0,
      0.0,
      0.0,
      0.0,
      0.0,
      0.0,
      0.0,
      0.0,
      0.0,
      0.0,
      0.0
    ],
    [
      0.0,
      0.0,
      0.0,
      0.0,
      0.0,
      0.0,
      0.0,
      0.0,
      0.0,
      0.0,
      0.0,
      0.0,
      0.0,
      0.0,
      0.0
    ],
    [
      0.0,
      0.0,
      0.0,
      0.0,
      0.0,
      0.0,
      0.0,
      0.0,
      0.0,
      0.0,
      0.0,
      0.0,
      0.0,
      0.0,
      0.0
    ],
    [
      0.0,
      0.0,
      0.0,
      0.0,
      0.0,
      0.0,
      0.0,
      0.0,
      0.0,
      0.0,
      0.0,
      0.0,
      0.0,
      0.0,
      0.0
    ],
    [
      0.0,
      0.0,
      0.0,
      0.0,
      0.0,
      0.0,
      0.0,
      0.0,
      0.0,
      0.0,
      0.0,
      0.0,
      0.0,
      0.0,
      0.0
    ]
  ],
  "final_line_coverage": [
    3.7037037037037033,
    92.5925925925926,
    37.03703703703704,
    100.0,
    92.5925925925926
  ],
  "final_branch_coverage": [
    0.0,
    0.0,
    0.0,
    0.0,
    0.0
  ]
}