{
  "method_name": "No-Healing",
  "target_file": "target4_dedent.py",
  "repetitions": 5,
  "max_iter": 15,
  "timestamp": "20260407_164523",
  "condition_path_coverage_history": [
    [
      0.0,
      0.0,
      0.0,
      0.0,
      0.0,
      0.0,
      0.0,
      0.0,
      0.0,
      0.0,
      0.0,
      0.0,
      0.0,
      0.0,
      0.0
    ],
    [
      0.0,
      0.0,
      0.0,
      0.0,
      0.0,
      12.5,
      12.5,
      12.5,
      12.5,
      12.5,
      12.5,
      12.5,
      12.5,
      12.5,
      12.5
    ],
    [
      0.0,
      0.0,
      0.0,
      0.0,
      0.0,
      0.0,
      0.0,
      0.0,
      0.0,
      0.0,
      0.0,
      0.0,
      0.0,
      0.0,
      0.0
    ],
    [
      0.0,
      0.0,
      0.0,
      0.0,
      0.0,
      0.0,
      0.0,
      0.0,
      0.0,
      0.0,
      12.5,
      12.5,
      12.5,
      12.5,
      12.5
    ],
    [
      0.0,
      0.0,
      0.0,
      0.0,
      0.0,
      0.0,
      0.0,
      0.0,
      0.0,
      0.0,
      0.0,
      0.0,
      0.0,
      0.0,
      0.0
    ]
  ],
  "final_condition_path_coverage": [
    0.0,
    12.5,
    0.0,
    12.5,
    0.0
  ],
  "effective_line_coverage_history": [
    [
      0,
      0,
      0,
      0,
      0,
      0,
      0,
      0,
      0,
      0,
      0,
      0,
      0,
      0,
      0
    ],
    [
      0,
      0,
      0,
      0,
      0,
      94.44444444444444,
      0,
      0,
      0,
      0,
      0,
      0,
      0,
      0,
      0
    ],
    [
      0,
      0,
      0,
      0,
      0,
      0,
      0,
      0,
      0,
      0,
      0,
      0,
      0,
      0,
      0
    ],
    [
      0,
      0,
      0,
      0,
      0,
      0,
      0,
      0,
      0,
      0,
      94.44444444444444,
      0,
      0,
      0,
      0
    ],
    [
      0,
      0,
      0,
      0,
      0,
      0,
      0,
      0,
      0,
      0,
      0,
      0,
      0,
      0,
      0
    ]
  ],
  "final_effective_coverage": [
    0,
    0,
    0,
    0,
    0
  ],
  "line_coverage_history": [
    [
      94.44444444444444,
      94.44444444444444,
      94.44444444444444,
      94.44444444444444,
      94.44444444444444,
      94.44444444444444,
      94.44444444444444,
      100.0,
      100.0,
      88.88888888888889,
      94.44444444444444,
      94.44444444444444,
      88.88888888888889,
      94.44444444444444,
      94.44444444444444
    ],
    [
      94.44444444444444,
      94.44444444444444,
      94.44444444444444,
      94.44444444444444,
      94.44444444444444,
      94.44444444444444,
      94.44444444444444,
      94.44444444444444,
      94.44444444444444,
      100.0,
      100.0,
      94.44444444444444,
      94.44444444444444,
      100.0,
      94.44444444444444
    ],
    [
      94.44444444444444,
      94.44444444444444,
      94.44444444444444,
      94.44444444444444,
      94.44444444444444,
      94.44444444444444,
      94.44444444444444,
      94.44444444444444,
      94.44444444444444,
      94.44444444444444,
      94.44444444444444,
      94.44444444444444,
      94.44444444444444,
      94.44444444444444,
      94.44444444444444
    ],
    [
      94.44444444444444,
      94.44444444444444,
      94.44444444444444,
      94.44444444444444,
      94.44444444444444,
      94.44444444444444,
      94.44444444444444,
      94.44444444444444,
      94.44444444444444,
      94.44444444444444,
      94.44444444444444,
      94.44444444444444,
      94.44444444444444,
      94.44444444444444,
      94.44444444444444
    ],
    [
      94.44444444444444,
      94.44444444444444,
      94.44444444444444,
      100.0,
      94.44444444444444,
      88.88888888888889,
      88.88888888888889,
      94.44444444444444,
      94.44444444444444,
      100.0,
      94.44444444444444,
      94.44444444444444,
      94.44444444444444,
      94.44444444444444,
      94.44444444444444
    ]
  ],
  "branch_coverage_history": [
    [
      0.0,
      0.0,
      0.0,
      0.0,
      0.0,
      0.0,
      0.0,
      0.0,
      0.0,
      0.0,
      0.0,
      0.0,
      0.0,
      0.0,
      0.0
    ],
    [
      0.0,
      0.0,
      0.0,
      0.0,
      0.0,
      0.0,
      0.0,
      0.0,
      0.0,
      0.0,
      0.0,
      0.0,
      0.0,
      0.0,
      0.0
    ],
    [
      0.0,
      0.0,
      0.0,
      0.0,
      0.0,
      0.0,
      0.0,
      0.0,
      0.0,
      0.0,
      0.0,
      0.0,
      0.0,
      0.0,
      0.0
    ],
    [
      0.0,
      0.0,
      0.0,
      0.0,
      0.0,
      0.0,
      0.0,
      0.0,
      0.0,
      0.0,
      0.0,
      0.0,
      0.0,
      0.0,
      0.0
    ],
    [
      0.0,
      0.0,
      0.0,
      0.0,
      0.0,
      0.0,
      0.0,
      0.0,
      0.0,
      0.0,
      0.0,
      0.0,
      0.0,
      0.0,
      0.0
    ]
  ],
  "final_line_coverage": [
    94.44444444444444,
    94.44444444444444,
    94.44444444444444,
    94.44444444444444,
    94.44444444444444
  ],
  "final_branch_coverage": [
    0.0,
    0.0,
    0.0,
    0.0,
    0.0
  ]
}